customer_id,age,income,tenure_months,gender,has_partner,plan,region,contract,monthly_charges,churn
C0000,71.0,33115.0,19.0,Female,No,Standard,South,One year,51.43,No
C0001,53.0,26213.0,33.0,Female,Yes,Premium,West,Month-to-month,78.66,No
C0002,56.0,26855.0,46.0,Female,Yes,Standard,South,Month-to-month,49.22,No
C0003,69.0,30551.0,13.0,Female,No,Standard,,Month-to-month,39.73,Yes
C0004,50.0,63317.0,49.0,Male,No,Standard,West,Two year,38.0,No
C0005,62.0,39255.0,3.0,Female,Yes,Standard,South,One year,45.46,No
C0006,65.0,28876.0,16.0,Female,Yes,Basic,North,One year,20.61,Yes
C0007,30.0,22255.0,61.0,Female,Yes,Standard,Central,Month-to-month,39.87,No
C0008,21.0,21644.0,23.0,Female,Yes,Standard,North,Month-to-month,45.85,Yes
C0009,35.0,66261.0,70.0,Female,No,Standard,West,Two year,48.87,No
C0010,34.0,38305.0,60.0,Female,No,Basic,East,Month-to-month,21.37,No
C0011,67.0,30754.0,18.0,Male,No,Basic,East,Two year,13.76,No
C0012,70.0,25007.0,66.0,Female,Yes,Basic,North,Month-to-month,7.32,No
C0013,18.0,,62.0,Male,Yes,Basic,Central,Month-to-month,18.45,Yes
C0014,46.0,28755.0,70.0,Male,No,Premium,South,Month-to-month,75.99,No
C0015,64.0,46020.0,29.0,Female,No,Standard,West,Month-to-month,43.44,Yes
C0016,25.0,24434.0,65.0,Female,Yes,Standard,,Month-to-month,42.43,No
C0017,63.0,26539.0,23.0,Male,Yes,Basic,Central,Month-to-month,15.85,Yes
C0018,24.0,26622.0,26.0,Female,No,Basic,West,One year,24.29,No
C0019,44.0,31407.0,36.0,Male,No,Standard,West,Month-to-month,44.69,No
C0020,64.0,13406.0,26.0,Female,No,Premium,Central,Month-to-month,75.74,Yes
C0021,35.0,26431.0,1.0,Female,Yes,Standard,Central,Month-to-month,39.17,No
C0022,37.0,19396.0,51.0,Male,No,Standard,North,Month-to-month,41.28,No
C0023,33.0,46272.0,32.0,Female,No,Basic,East,Month-to-month,20.98,Yes
C0024,59.0,20226.0,59.0,Male,No,Basic,,Month-to-month,13.97,No
C0025,32.0,39677.0,15.0,Female,No,Standard,West,One year,37.44,No
C0026,74.0,63718.0,17.0,Female,Yes,Standard,North,Month-to-month,43.03,Yes
C0027,43.0,25418.0,51.0,Female,Yes,Basic,Central,Month-to-month,27.21,No
C0028,45.0,22009.0,50.0,Female,Yes,Basic,Central,One year,21.15,No
C0029,,32719.0,36.0,,Yes,Standard,North,Month-to-month,53.76,No
C0030,51.0,29702.0,43.0,Male,Yes,Basic,West,Two year,19.21,No
C0031,49.0,18091.0,62.0,Female,Yes,Standard,East,One year,43.14,No
C0032,47.0,,63.0,Female,Yes,Basic,Central,Month-to-month,11.65,No
C0033,74.0,81451.0,64.0,Female,Yes,Standard,West,Month-to-month,41.54,No
C0034,64.0,26133.0,71.0,Male,No,Basic,Central,One year,28.61,No
C0035,63.0,26865.0,23.0,Male,Yes,Standard,North,Month-to-month,46.97,Yes
C0036,57.0,17633.0,57.0,Female,Yes,Premium,West,One year,79.4,No
C0037,53.0,34876.0,20.0,Male,No,Standard,West,Two year,49.23,No
C0038,37.0,15939.0,,Female,No,Standard,North,One year,44.94,No
C0039,74.0,17095.0,67.0,Male,Yes,Basic,West,Month-to-month,18.77,No
C0040,44.0,,32.0,Male,Yes,Premium,Central,Two year,75.72,No
C0041,30.0,18907.0,36.0,Female,No,Basic,Central,Month-to-month,24.03,No
C0042,66.0,,9.0,Male,Yes,Premium,East,Month-to-month,77.75,Yes
C0043,27.0,63715.0,7.0,Male,No,Premium,South,Month-to-month,77.95,Yes
C0044,66.0,,15.0,Male,No,Standard,Central,One year,45.92,No
C0045,52.0,39210.0,4.0,Male,Yes,Premium,East,Two year,70.38,Yes
C0046,24.0,78915.0,29.0,Female,Yes,Standard,South,One year,43.43,No
C0047,20.0,26947.0,71.0,Female,No,Standard,Central,Month-to-month,39.35,
C0048,,22104.0,51.0,Male,Yes,Basic,West,Two year,26.03,No
C0049,20.0,15114.0,42.0,Female,No,Premium,East,Month-to-month,62.39,No
C0050,26.0,30359.0,52.0,Male,No,Premium,North,Month-to-month,73.69,Yes
C0051,47.0,62291.0,4.0,Female,No,Basic,Central,One year,34.32,Yes
C0052,73.0,48040.0,47.0,Female,No,Basic,South,Month-to-month,17.95,Yes
C0053,,18564.0,37.0,Female,No,,East,Month-to-month,38.19,No
C0054,64.0,19386.0,9.0,Male,No,Standard,North,One year,44.89,No
C0055,70.0,23108.0,36.0,Male,No,Basic,,One year,27.74,No
C0056,64.0,34411.0,48.0,Female,Yes,Premium,Central,Two year,74.04,No
C0057,53.0,26832.0,31.0,Male,No,Basic,South,Month-to-month,23.68,Yes
C0058,43.0,33098.0,66.0,Female,Yes,Premium,North,Two year,75.6,No
C0059,47.0,34488.0,68.0,Male,No,Standard,,One year,42.76,No
C0060,33.0,25607.0,26.0,,No,Standard,North,Month-to-month,63.9,Yes
C0061,46.0,29141.0,68.0,Male,Yes,Basic,East,Month-to-month,20.43,No
C0062,39.0,32968.0,18.0,Male,Yes,Basic,,One year,16.78,No
C0063,32.0,,9.0,Female,Yes,Basic,North,Month-to-month,17.06,No
C0064,74.0,38245.0,47.0,Male,No,Standard,South,Month-to-month,47.28,No
C0065,18.0,,11.0,Female,No,Standard,Central,Two year,47.46,Yes
C0066,23.0,39974.0,23.0,Female,No,Premium,South,Month-to-month,79.63,No
C0067,28.0,30574.0,29.0,Female,No,Basic,Central,Month-to-month,20.85,Yes
C0068,73.0,12797.0,49.0,Female,No,Premium,West,Month-to-month,66.41,No
C0069,57.0,36097.0,60.0,Female,No,Basic,North,Two year,23.19,No
C0070,68.0,11234.0,64.0,Female,Yes,Premium,South,One year,73.15,No
C0071,29.0,14698.0,45.0,Male,Yes,Premium,North,Month-to-month,73.28,No
C0072,59.0,45584.0,69.0,Female,Yes,Basic,North,Two year,11.1,No
C0073,39.0,42324.0,52.0,Male,No,Premium,,Month-to-month,71.56,Yes
C0074,45.0,27585.0,63.0,Male,Yes,Standard,South,One year,40.64,No
C0075,18.0,12645.0,41.0,Female,Yes,Standard,Central,Month-to-month,44.78,Yes
C0076,53.0,24694.0,9.0,Female,Yes,Premium,,One year,66.28,Yes
C0077,65.0,21176.0,15.0,Male,Yes,Standard,North,One year,45.3,No
C0078,55.0,40881.0,30.0,Female,No,Standard,South,Two year,45.75,No
C0079,26.0,91938.0,59.0,Female,Yes,Basic,West,Month-to-month,13.28,No
C0080,48.0,,30.0,Female,Yes,Premium,West,Month-to-month,71.25,No
C0081,33.0,20138.0,1.0,Male,No,Premium,South,One year,69.85,No
C0082,72.0,16560.0,31.0,Female,No,Basic,East,Two year,25.45,No
C0083,68.0,28910.0,50.0,Female,No,Standard,North,Month-to-month,29.83,No
C0084,28.0,27217.0,71.0,Female,No,Basic,East,Month-to-month,17.94,No
C0085,47.0,16718.0,14.0,Male,Yes,Basic,South,Month-to-month,10.04,No
C0086,,31514.0,23.0,Female,No,Basic,North,Two year,17.41,No
C0087,66.0,16723.0,34.0,Male,No,,West,Month-to-month,50.08,No
C0088,58.0,,35.0,Male,No,Basic,North,Month-to-month,16.22,Yes
C0089,54.0,,70.0,Female,Yes,Basic,North,Month-to-month,20.83,No
C0090,20.0,51143.0,29.0,Female,Yes,Basic,East,Two year,14.93,No
C0091,60.0,23458.0,39.0,Female,Yes,Basic,Central,Month-to-month,31.64,No
C0092,44.0,,18.0,Male,Yes,Standard,South,One year,50.48,No
C0093,23.0,27833.0,5.0,Female,Yes,Basic,East,One year,26.76,No
C0094,31.0,24480.0,28.0,Male,Yes,Standard,North,Month-to-month,37.03,No
C0095,48.0,,,Female,Yes,Standard,South,One year,38.39,No
C0096,59.0,15524.0,13.0,Female,Yes,Basic,North,Month-to-month,26.48,Yes
C0097,46.0,,47.0,Male,Yes,Basic,South,Month-to-month,18.83,No
C0098,52.0,44230.0,24.0,Female,Yes,Premium,West,Month-to-month,73.45,No
C0099,67.0,27021.0,5.0,Male,Yes,,West,Month-to-month,77.0,Yes
C0100,57.0,33131.0,39.0,Male,No,Premium,South,One year,67.47,No
C0101,38.0,49063.0,18.0,Female,No,Basic,West,Month-to-month,24.64,No
C0102,54.0,12499.0,52.0,Female,Yes,Standard,South,Month-to-month,45.11,No
C0103,52.0,20089.0,2.0,Female,No,Standard,South,Two year,47.88,Yes
C0104,24.0,,,Male,No,Basic,North,Month-to-month,15.98,No
C0105,21.0,36172.0,39.0,Male,No,Standard,,Month-to-month,48.08,Yes
C0106,55.0,24624.0,52.0,Male,No,Premium,South,One year,70.77,No
C0107,40.0,49741.0,28.0,Female,No,Premium,East,Month-to-month,80.73,Yes
C0108,52.0,33031.0,63.0,Male,No,Basic,Central,Month-to-month,26.78,No
C0109,36.0,16209.0,36.0,Male,No,Basic,Central,Month-to-month,25.47,Yes
C0110,30.0,18669.0,71.0,Male,No,Premium,South,One year,78.1,No
C0111,26.0,44477.0,22.0,,No,Premium,East,Month-to-month,78.8,No
C0112,39.0,37493.0,61.0,Male,Yes,Standard,North,Two year,28.76,No
C0113,64.0,11504.0,47.0,Female,No,Basic,Central,One year,25.01,No
C0114,40.0,58329.0,66.0,Female,Yes,Standard,South,Month-to-month,43.36,No
C0115,39.0,40095.0,13.0,Female,Yes,Standard,West,Two year,45.57,No
C0116,50.0,58202.0,37.0,Male,Yes,Standard,Central,Month-to-month,43.3,No
C0117,73.0,24542.0,65.0,Female,Yes,Basic,East,Month-to-month,11.65,No
C0118,40.0,25646.0,18.0,Male,Yes,Basic,Central,Two year,16.77,No
C0119,51.0,16929.0,69.0,Female,No,Basic,East,Month-to-month,23.95,Yes
C0120,43.0,105711.0,69.0,Female,No,Basic,Central,Month-to-month,28.5,No
C0121,52.0,27235.0,36.0,Male,No,Basic,West,One year,16.26,No
C0122,43.0,65760.0,52.0,Female,Yes,Premium,West,One year,69.58,No
C0123,54.0,21512.0,34.0,Female,No,Basic,East,One year,28.71,No
C0124,49.0,32271.0,,Male,No,Standard,Central,Month-to-month,39.7,No
C0125,56.0,12892.0,62.0,Male,Yes,Standard,West,Month-to-month,57.44,Yes
C0126,72.0,24552.0,53.0,Female,Yes,Basic,East,Month-to-month,20.3,Yes
C0127,26.0,48624.0,21.0,Male,Yes,Standard,North,Month-to-month,39.7,No
C0128,50.0,15901.0,42.0,Female,No,Basic,Central,Month-to-month,25.91,Yes
C0129,43.0,50823.0,58.0,Male,Yes,Standard,South,One year,55.16,No
C0130,38.0,35194.0,42.0,Male,No,Standard,North,Month-to-month,36.39,No
C0131,31.0,17642.0,21.0,Male,Yes,Standard,Central,Month-to-month,54.35,No
C0132,20.0,23137.0,54.0,Female,No,Standard,West,Two year,43.31,No
C0133,40.0,23635.0,52.0,Male,No,Premium,South,Month-to-month,83.92,Yes
C0134,,29005.0,46.0,Male,No,Premium,East,Two year,72.72,Yes
C0135,23.0,22741.0,24.0,Male,Yes,Standard,Central,One year,35.54,No
C0136,41.0,19660.0,40.0,Female,No,Standard,South,One year,48.01,No
C0137,73.0,25532.0,43.0,Male,No,Basic,Central,Month-to-month,25.56,Yes
C0138,72.0,17793.0,16.0,Male,No,Premium,North,One year,87.58,No
C0139,30.0,15603.0,66.0,Male,Yes,Standard,East,Month-to-month,55.34,No
C0140,18.0,29025.0,43.0,Female,No,Premium,West,Month-to-month,79.17,No
C0141,56.0,46232.0,4.0,Male,No,Basic,North,Two year,18.57,No
C0142,18.0,13840.0,20.0,Female,Yes,Premium,South,Month-to-month,71.88,No
C0143,35.0,29785.0,58.0,Female,Yes,Basic,West,Month-to-month,18.23,No
C0144,46.0,21483.0,50.0,Male,No,Standard,West,One year,40.01,No
C0145,67.0,18241.0,39.0,Female,No,Basic,West,Month-to-month,18.35,Yes
C0146,23.0,45557.0,36.0,Male,Yes,Basic,West,Month-to-month,4.73,Yes
C0147,55.0,22946.0,27.0,Male,Yes,Standard,South,Two year,46.07,No
C0148,48.0,62891.0,67.0,Female,Yes,Basic,,Month-to-month,19.83,No
C0149,25.0,20132.0,25.0,Female,No,Basic,Central,Month-to-month,35.4,Yes
C0150,66.0,36071.0,60.0,Male,Yes,Basic,North,Two year,24.55,No
C0151,66.0,26539.0,5.0,Female,Yes,Premium,East,Month-to-month,72.12,Yes
C0152,45.0,20394.0,38.0,Female,No,Basic,Central,Month-to-month,23.39,No
C0153,71.0,39888.0,19.0,Male,Yes,Basic,North,Two year,12.65,No
C0154,52.0,27516.0,30.0,Male,Yes,Premium,West,Month-to-month,71.38,No
C0155,69.0,40199.0,45.0,Female,No,Standard,North,Two year,33.79,No
C0156,72.0,29038.0,5.0,Female,Yes,Standard,North,Two year,53.62,No
C0157,50.0,17276.0,7.0,Male,No,Premium,South,Two year,78.56,No
C0158,34.0,,42.0,Female,Yes,Basic,South,Month-to-month,12.95,No
C0159,26.0,30515.0,48.0,Female,Yes,Standard,West,Month-to-month,44.64,No
C0160,50.0,48013.0,5.0,Female,No,Standard,South,One year,50.7,Yes
C0161,28.0,18899.0,69.0,Female,No,Standard,Central,Two year,47.97,No
C0162,60.0,29154.0,32.0,Female,Yes,Standard,North,Month-to-month,47.29,Yes
C0163,70.0,12570.0,70.0,Male,Yes,Basic,North,Month-to-month,14.85,No
C0164,31.0,41182.0,10.0,Male,Yes,Basic,South,Month-to-month,16.18,Yes
C0165,,17314.0,64.0,Female,Yes,Standard,North,Month-to-month,45.57,No
C0166,,12050.0,46.0,Female,No,Standard,South,Month-to-month,50.52,Yes
C0167,28.0,28865.0,58.0,Female,No,Basic,West,Month-to-month,15.03,No
C0168,39.0,51681.0,58.0,Male,No,Basic,West,One year,13.27,No
C0169,68.0,13874.0,13.0,Female,No,,,Month-to-month,51.86,No
C0170,73.0,17257.0,12.0,Male,Yes,Basic,South,Month-to-month,14.42,No
C0171,54.0,20504.0,69.0,Female,Yes,Standard,East,Month-to-month,51.46,No
C0172,51.0,16903.0,31.0,Male,No,Basic,East,Month-to-month,21.46,Yes
C0173,50.0,35944.0,15.0,Female,No,,Central,Month-to-month,80.29,No
C0174,21.0,19857.0,45.0,Female,Yes,Basic,North,Two year,30.47,No
C0175,39.0,20728.0,62.0,Male,Yes,Standard,Central,Month-to-month,49.13,No
C0176,74.0,39801.0,20.0,Female,No,Basic,South,Month-to-month,24.66,Yes
C0177,41.0,,63.0,Female,Yes,Standard,Central,One year,39.49,Yes
C0178,30.0,36916.0,5.0,Male,Yes,Standard,South,Two year,40.83,No
C0179,31.0,18294.0,45.0,Male,Yes,Basic,West,One year,23.86,No
C0180,58.0,16219.0,27.0,Male,No,Premium,East,One year,84.21,No
C0181,20.0,11876.0,38.0,Female,Yes,Standard,North,Month-to-month,53.35,No
C0182,73.0,75403.0,44.0,Male,Yes,Basic,North,Month-to-month,33.9,No
C0183,67.0,25333.0,15.0,Female,Yes,Premium,North,Month-to-month,76.87,Yes
C0184,50.0,33589.0,4.0,Female,No,Basic,East,Two year,21.22,Yes
C0185,44.0,29275.0,37.0,Male,Yes,Premium,East,Two year,81.04,No
C0186,61.0,32208.0,68.0,Female,No,Basic,North,Month-to-month,20.11,No
C0187,49.0,30481.0,21.0,Male,Yes,Premium,Central,Two year,74.63,No
C0188,45.0,77196.0,40.0,Female,No,Basic,South,One year,13.72,No
C0189,36.0,17686.0,9.0,Female,Yes,Standard,North,One year,50.95,No
C0190,43.0,13647.0,,Male,No,Basic,East,Month-to-month,13.57,No
C0191,60.0,17926.0,10.0,Female,Yes,Basic,East,Month-to-month,23.07,Yes
C0192,21.0,15255.0,8.0,Male,No,Standard,North,Month-to-month,36.48,No
C0193,19.0,43195.0,57.0,Female,No,Basic,South,Two year,26.58,No
C0194,59.0,44810.0,65.0,Male,Yes,Basic,West,Two year,13.83,No
C0195,39.0,18386.0,66.0,Male,Yes,Basic,East,Two year,25.06,No
C0196,63.0,14836.0,52.0,Male,No,Standard,South,Two year,35.46,No
C0197,19.0,24899.0,11.0,,No,Basic,South,Two year,17.36,No
C0198,69.0,59609.0,66.0,Female,No,Standard,South,Month-to-month,52.07,Yes
C0199,25.0,7261.0,1.0,Male,No,Basic,South,One year,15.17,Yes
C0200,41.0,,20.0,Male,No,Basic,North,Month-to-month,20.4,Yes
C0201,73.0,17363.0,19.0,Female,No,Premium,South,One year,72.13,Yes
C0202,24.0,50020.0,53.0,Female,No,Standard,North,Month-to-month,31.14,No
C0203,55.0,17345.0,10.0,Female,No,Standard,North,Two year,46.85,Yes
C0204,59.0,25778.0,69.0,Male,Yes,Standard,South,Two year,47.59,No
C0205,42.0,14001.0,14.0,Female,Yes,Premium,East,Month-to-month,68.35,No
C0206,22.0,18240.0,62.0,Male,Yes,Basic,North,One year,23.44,No
C0207,47.0,59452.0,42.0,Male,Yes,Basic,East,Two year,15.23,No
C0208,42.0,44815.0,18.0,Male,Yes,,West,Month-to-month,38.98,No
C0209,67.0,24323.0,30.0,Male,No,Basic,West,One year,20.04,Yes
C0210,56.0,19243.0,9.0,Female,Yes,Basic,East,Month-to-month,15.91,No
C0211,37.0,11534.0,31.0,Female,Yes,Premium,West,One year,88.75,No
C0212,21.0,24420.0,50.0,Male,No,Standard,East,Two year,35.67,No
C0213,51.0,29277.0,15.0,Male,Yes,Basic,Central,One year,24.43,No
C0214,33.0,28509.0,69.0,,Yes,Basic,Central,Month-to-month,25.93,No
C0215,,28370.0,48.0,Female,Yes,Standard,South,One year,33.12,No
C0216,67.0,16968.0,27.0,Male,No,Standard,North,One year,34.61,No
C0217,38.0,,,Male,No,Basic,Central,Month-to-month,23.37,No
C0218,69.0,29163.0,56.0,Male,No,Premium,North,Month-to-month,72.11,No
C0219,47.0,,29.0,Male,No,Premium,South,Month-to-month,77.3,Yes
C0220,48.0,75612.0,67.0,Male,Yes,Premium,South,Month-to-month,81.84,No
C0221,61.0,27764.0,33.0,Female,No,Premium,West,Month-to-month,72.77,No
C0222,62.0,20269.0,50.0,Female,Yes,Standard,North,One year,38.62,No
C0223,69.0,28782.0,65.0,Female,Yes,Basic,Central,Two year,3.62,No
C0224,74.0,21943.0,68.0,Male,No,Standard,West,Month-to-month,46.23,No
C0225,26.0,,18.0,Female,Yes,Basic,South,One year,14.43,No
C0226,41.0,28873.0,31.0,Female,Yes,Standard,North,One year,46.88,No
C0227,71.0,17647.0,52.0,Female,No,Basic,East,One year,21.39,No
C0228,35.0,40258.0,30.0,Male,No,Basic,East,One year,11.69,No
C0229,18.0,,22.0,Male,Yes,Standard,West,Month-to-month,55.34,Yes
C0230,50.0,33692.0,45.0,Male,No,Basic,South,Two year,26.5,No
C0231,60.0,27134.0,64.0,Female,Yes,Standard,North,Month-to-month,50.09,No
C0232,60.0,20669.0,34.0,Male,No,Standard,North,Month-to-month,37.89,No
C0233,64.0,18509.0,28.0,Male,Yes,,,Month-to-month,72.56,Yes
C0234,54.0,26406.0,55.0,Female,No,Standard,South,One year,41.72,No
C0235,25.0,22598.0,36.0,Female,Yes,Premium,North,One year,72.51,Yes
C0236,66.0,33421.0,23.0,Male,Yes,Standard,South,Month-to-month,38.26,No
C0237,41.0,29667.0,63.0,Male,No,Premium,South,Two year,77.61,No
C0238,66.0,15046.0,44.0,Male,No,Premium,South,One year,76.38,No
C0239,64.0,30747.0,48.0,Male,No,Basic,West,Two year,22.19,No
C0240,73.0,15193.0,58.0,Male,No,Basic,,Month-to-month,16.96,No
C0241,18.0,21846.0,7.0,Male,Yes,Basic,Central,Month-to-month,27.75,No
C0242,67.0,25663.0,61.0,Male,Yes,Basic,North,Month-to-month,21.13,No
C0243,53.0,10534.0,10.0,Female,No,Basic,Central,One year,3.57,No
C0244,45.0,31125.0,1.0,Female,Yes,Premium,South,Month-to-month,71.16,Yes
C0245,63.0,32064.0,71.0,Female,No,Basic,South,Month-to-month,19.66,No
C0246,72.0,27474.0,20.0,Male,Yes,,,Month-to-month,25.79,No
C0247,47.0,24049.0,3.0,Female,Yes,Standard,North,Month-to-month,43.2,Yes
C0248,22.0,,50.0,Male,Yes,Basic,West,Month-to-month,18.5,Yes
C0249,59.0,18247.0,22.0,Female,Yes,Basic,East,Month-to-month,16.02,No
C0250,31.0,25982.0,30.0,Female,No,Premium,Central,Two year,78.99,No
C0251,30.0,22555.0,69.0,Male,Yes,Standard,East,Month-to-month,42.31,No
C0252,28.0,31127.0,41.0,Male,No,Basic,South,Two year,16.38,No
C0253,29.0,16284.0,2.0,Female,No,Basic,South,Two year,15.55,No
C0254,69.0,33450.0,49.0,Male,Yes,Basic,North,Month-to-month,23.34,No
C0255,38.0,31940.0,12.0,Male,No,Premium,West,One year,71.8,No
C0256,24.0,27701.0,23.0,Female,No,Standard,North,One year,34.94,No
C0257,28.0,23870.0,16.0,Female,Yes,Basic,West,Month-to-month,23.74,No
C0258,40.0,39190.0,65.0,Male,No,Standard,South,Two year,40.79,No
C0259,37.0,12935.0,7.0,Male,No,Basic,East,Two year,22.14,No
C0260,35.0,37430.0,39.0,Male,No,Standard,,Month-to-month,47.24,No
C0261,72.0,,34.0,,Yes,Basic,West,Two year,27.22,Yes
C0262,67.0,34258.0,40.0,Female,No,Basic,West,Month-to-month,26.27,No
C0263,50.0,36014.0,43.0,Male,No,Basic,East,Month-to-month,16.55,No
C0264,74.0,21444.0,8.0,Male,Yes,Basic,,Month-to-month,19.0,Yes
C0265,,26115.0,23.0,Male,Yes,Premium,West,Month-to-month,67.26,No
C0266,25.0,40885.0,41.0,Female,No,Premium,East,Month-to-month,85.06,Yes
C0267,33.0,36876.0,8.0,Male,No,Standard,Central,Month-to-month,47.65,No
C0268,23.0,32970.0,58.0,Male,Yes,Standard,North,Month-to-month,53.37,No
C0269,72.0,13944.0,58.0,Male,No,Basic,Central,Two year,18.09,Yes
C0270,30.0,38908.0,38.0,Male,Yes,Basic,South,Two year,7.71,No
C0271,43.0,53356.0,58.0,Male,No,Premium,Central,Month-to-month,84.19,No
C0272,29.0,49258.0,31.0,Female,Yes,Premium,East,Month-to-month,75.56,Yes
C0273,73.0,33421.0,40.0,Female,Yes,Basic,Central,One year,20.8,No
C0274,27.0,13645.0,34.0,Female,Yes,Standard,,Month-to-month,45.33,No
C0275,47.0,47633.0,10.0,Female,Yes,Premium,North,Month-to-month,78.87,No
C0276,72.0,27622.0,13.0,Female,No,Premium,North,One year,78.2,No
C0277,47.0,8381.0,39.0,Male,Yes,Basic,East,Month-to-month,10.46,No
C0278,69.0,35904.0,6.0,Male,No,Standard,North,One year,51.52,No
C0279,,14100.0,45.0,Male,No,Basic,West,One year,16.83,No
C0280,61.0,15549.0,,Male,Yes,Standard,Central,Month-to-month,42.2,No
C0281,60.0,21645.0,31.0,Female,Yes,Standard,South,Month-to-month,55.36,Yes
C0282,50.0,,64.0,Female,No,Basic,South,Month-to-month,25.52,No
C0283,51.0,24700.0,62.0,Male,Yes,Basic,West,Month-to-month,17.97,No
C0284,65.0,34047.0,,Male,No,Standard,Central,Two year,33.86,No
C0285,42.0,71252.0,28.0,Female,No,Standard,North,One year,45.97,Yes
C0286,71.0,65974.0,58.0,Male,Yes,Premium,East,Month-to-month,78.23,No
C0287,68.0,28235.0,,Male,No,Basic,South,Two year,19.52,No
C0288,39.0,26350.0,53.0,Male,No,Basic,East,One year,12.52,No
C0289,41.0,15828.0,9.0,Male,No,Standard,East,Month-to-month,40.26,Yes
C0290,58.0,21010.0,51.0,Male,Yes,Premium,South,Month-to-month,67.47,No
C0291,70.0,,41.0,Male,Yes,Standard,North,Month-to-month,46.29,No
C0292,23.0,36238.0,16.0,Male,Yes,Basic,Central,Two year,24.92,Yes
C0293,,31417.0,55.0,Male,Yes,Standard,East,Month-to-month,51.15,No
C0294,32.0,48894.0,39.0,Male,Yes,Premium,Central,Month-to-month,70.61,Yes
C0295,42.0,20208.0,52.0,Male,No,Premium,South,Two year,76.41,No
C0296,27.0,28911.0,59.0,Female,No,Premium,Central,Month-to-month,78.32,No
C0297,47.0,42857.0,19.0,Male,Yes,Basic,Central,Two year,16.93,No
C0298,48.0,39818.0,58.0,Male,No,Basic,West,Month-to-month,19.11,No
C0299,,50791.0,71.0,,No,Premium,South,Month-to-month,87.74,
C0300,60.0,36261.0,37.0,Male,Yes,Standard,West,Month-to-month,46.23,No
C0301,32.0,25471.0,52.0,Female,Yes,Premium,South,Two year,80.3,No
C0302,62.0,35635.0,55.0,Male,No,Basic,Central,One year,17.39,No
C0303,63.0,18010.0,31.0,Male,Yes,Basic,Central,Month-to-month,20.25,No
C0304,56.0,13099.0,58.0,Female,No,Basic,East,Month-to-month,9.71,No
C0305,,39749.0,30.0,Female,No,Premium,East,Month-to-month,74.85,No
C0306,35.0,,63.0,Female,Yes,Premium,Central,Month-to-month,82.15,No
C0307,58.0,34690.0,56.0,Male,No,Basic,North,Month-to-month,32.59,No
C0308,25.0,,39.0,Male,Yes,Premium,South,One year,82.18,No
C0309,53.0,24771.0,13.0,Female,No,Basic,South,Month-to-month,24.12,No
C0310,70.0,22028.0,59.0,Male,No,Basic,North,Month-to-month,20.32,No
C0311,73.0,19301.0,46.0,Male,No,Standard,West,Month-to-month,41.4,Yes
C0312,34.0,9629.0,41.0,Male,No,Basic,West,Month-to-month,19.04,No
C0313,36.0,25149.0,52.0,Male,No,Basic,North,Two year,23.68,No
C0314,53.0,46567.0,71.0,Male,No,Basic,West,Month-to-month,15.29,No
C0315,40.0,35972.0,37.0,Female,Yes,Basic,South,One year,25.6,No
C0316,59.0,22016.0,28.0,Male,No,Standard,,Month-to-month,39.1,No
C0317,29.0,,62.0,Female,Yes,Basic,West,One year,9.32,No
C0318,27.0,43408.0,47.0,Female,Yes,Standard,East,One year,38.93,No
C0319,20.0,7479.0,34.0,Male,Yes,Basic,East,Month-to-month,10.01,No
C0320,44.0,27938.0,13.0,Female,No,Basic,North,One year,11.77,No
C0321,30.0,39011.0,34.0,Male,No,Standard,,Two year,51.79,Yes
C0322,35.0,41817.0,67.0,Male,Yes,Basic,South,One year,18.8,No
C0323,70.0,69589.0,21.0,Female,No,Basic,East,One year,21.31,No
C0324,,,69.0,Male,Yes,Standard,East,Month-to-month,51.95,No
C0325,65.0,34762.0,66.0,Female,Yes,Standard,West,Month-to-month,52.55,No
C0326,51.0,34579.0,61.0,Male,No,Premium,West,One year,71.97,No
C0327,24.0,44067.0,23.0,Female,No,Standard,North,Two year,52.97,No
C0328,60.0,22705.0,57.0,Male,No,Basic,Central,Month-to-month,22.31,No
C0329,52.0,29141.0,50.0,Female,Yes,Premium,South,Month-to-month,75.02,No
C0330,69.0,46776.0,64.0,Female,No,Standard,,Month-to-month,47.65,No
C0331,,79120.0,30.0,Female,No,Standard,South,One year,36.45,No
C0332,27.0,27457.0,44.0,Female,Yes,Basic,West,Month-to-month,15.28,No
C0333,51.0,29022.0,67.0,Female,No,Standard,Central,Two year,44.35,No
C0334,43.0,32835.0,65.0,Female,No,Standard,West,One year,48.66,No
C0335,55.0,58198.0,68.0,Female,No,Standard,North,Two year,42.77,No
C0336,,29285.0,8.0,Male,No,,North,One year,74.24,Yes
C0337,35.0,61987.0,3.0,Male,Yes,Basic,South,One year,25.82,No
C0338,25.0,,7.0,Female,No,Premium,North,Two year,83.47,No
C0339,72.0,27092.0,71.0,Male,No,Standard,North,Month-to-month,49.6,No
C0340,61.0,26928.0,30.0,Female,Yes,Standard,,One year,52.61,No
C0341,44.0,44058.0,43.0,Female,No,Premium,West,Month-to-month,72.57,No
C0342,31.0,50143.0,30.0,Male,No,Basic,West,One year,18.16,No
C0343,53.0,13979.0,6.0,Female,No,Premium,Central,Month-to-month,76.91,
C0344,41.0,,65.0,Female,Yes,Premium,North,One year,73.19,No
C0345,54.0,35187.0,36.0,Male,No,Premium,North,Month-to-month,71.96,No
C0346,23.0,21389.0,22.0,Male,No,Basic,West,One year,29.91,No
C0347,28.0,13888.0,4.0,Male,Yes,Standard,Central,One year,43.79,No
C0348,59.0,49973.0,9.0,Female,No,Basic,West,Two year,14.2,No
C0349,,38063.0,39.0,Male,No,Standard,West,Two year,47.92,No
C0350,56.0,38047.0,55.0,Male,Yes,Premium,,Month-to-month,86.01,No
C0351,41.0,23442.0,14.0,Female,No,Basic,South,One year,20.48,No
C0352,18.0,49735.0,38.0,Male,Yes,,West,Month-to-month,52.39,No
C0353,61.0,26371.0,27.0,Male,No,Standard,Central,Month-to-month,42.37,No
C0354,57.0,51442.0,47.0,Female,No,Basic,Central,One year,17.05,No
C0355,64.0,18848.0,,Female,No,Premium,South,Two year,70.86,No
C0356,69.0,19398.0,63.0,Male,Yes,Standard,North,One year,44.14,No
C0357,59.0,32936.0,43.0,Male,No,,West,Month-to-month,31.02,No
C0358,,20928.0,13.0,Male,No,Basic,North,One year,13.07,No
C0359,24.0,41678.0,59.0,Female,No,Standard,North,One year,54.82,No
C0360,70.0,33862.0,46.0,Male,Yes,Basic,East,One year,13.95,Yes
C0361,70.0,18742.0,67.0,Female,No,Standard,East,Month-to-month,43.6,Yes
C0362,57.0,30836.0,66.0,Male,No,Basic,West,Two year,25.01,No
C0363,63.0,24943.0,24.0,,Yes,Standard,East,Month-to-month,48.78,No
C0364,60.0,47001.0,50.0,Male,Yes,Basic,,Two year,21.69,No
C0365,68.0,21671.0,41.0,Male,Yes,,Central,One year,65.1,No
C0366,68.0,23871.0,31.0,Male,Yes,Standard,East,One year,47.17,No
C0367,47.0,,1.0,Male,Yes,Standard,Central,Two year,38.87,Yes
C0368,64.0,,58.0,Female,Yes,Basic,West,Two year,35.41,No
C0369,70.0,80782.0,27.0,Female,Yes,Basic,East,Two year,18.72,No
C0370,34.0,,5.0,Female,No,Premium,South,Month-to-month,76.13,No
C0371,20.0,33171.0,69.0,Male,Yes,Premium,North,Month-to-month,68.12,No
C0372,27.0,64006.0,29.0,Female,No,Standard,North,One year,42.13,No
C0373,19.0,27939.0,9.0,Male,Yes,Premium,East,Two year,67.25,No
C0374,42.0,18248.0,32.0,Male,Yes,Standard,East,One year,50.89,No
C0375,19.0,31522.0,62.0,Male,No,Standard,South,Month-to-month,43.43,No
C0376,32.0,37263.0,54.0,Female,No,Basic,Central,Month-to-month,23.38,No
C0377,32.0,19642.0,47.0,Male,No,Basic,Central,Month-to-month,15.89,No
C0378,58.0,13054.0,22.0,Male,Yes,Standard,North,One year,41.99,No
C0379,32.0,14496.0,21.0,Female,No,Basic,West,Two year,27.73,No
C0380,72.0,41470.0,19.0,Female,No,Basic,West,Month-to-month,14.17,No
C0381,,20350.0,56.0,Female,Yes,Standard,East,Month-to-month,34.19,No
C0382,73.0,27704.0,58.0,Male,No,Basic,South,Month-to-month,22.44,No
C0383,50.0,33067.0,21.0,Female,No,Basic,,Month-to-month,13.15,No
C0384,31.0,40521.0,,Female,Yes,Basic,East,Month-to-month,17.36,No
C0385,20.0,25148.0,64.0,Female,No,Standard,West,Month-to-month,50.47,Yes
C0386,35.0,38153.0,70.0,Male,No,Premium,Central,Month-to-month,70.09,No
C0387,51.0,19053.0,6.0,Female,Yes,Standard,North,Two year,50.27,No
C0388,24.0,24813.0,19.0,Female,No,Standard,North,Month-to-month,40.91,Yes
C0389,27.0,17815.0,9.0,Male,No,Standard,Central,Two year,53.94,No
C0390,24.0,52359.0,,Female,No,Basic,North,Month-to-month,27.95,Yes
C0391,56.0,,54.0,Female,No,Basic,West,Month-to-month,17.17,No
C0392,23.0,20544.0,42.0,Female,Yes,Premium,North,One year,73.72,No
C0393,19.0,24930.0,32.0,Female,No,Premium,East,Month-to-month,70.01,No
C0394,,26612.0,15.0,Male,No,Basic,North,Two year,21.2,No
C0395,35.0,42204.0,11.0,,No,Basic,West,Two year,26.9,No
C0396,50.0,13389.0,54.0,Male,No,Premium,East,Two year,66.32,Yes
C0397,71.0,17701.0,37.0,Female,No,Premium,South,Month-to-month,80.5,No
C0398,66.0,24611.0,2.0,Female,Yes,Standard,West,One year,37.06,Yes
C0399,48.0,105467.0,22.0,Female,No,Premium,North,One year,69.84,Yes
C0400,,47946.0,49.0,Female,No,Standard,West,Two year,34.27,No
C0401,64.0,28121.0,40.0,Male,No,Premium,East,Month-to-month,87.63,No
C0402,42.0,42447.0,52.0,Female,No,Basic,East,Month-to-month,20.35,No
C0403,55.0,83176.0,53.0,Female,No,Basic,North,Two year,21.47,No
C0404,,26453.0,8.0,Male,No,Standard,Central,Month-to-month,40.94,No
C0405,,24755.0,61.0,Female,Yes,Basic,North,Month-to-month,26.4,No
C0406,31.0,54501.0,43.0,Female,No,Standard,South,Month-to-month,32.38,No
C0407,28.0,38066.0,5.0,Male,No,Basic,East,One year,20.16,No
C0408,61.0,41592.0,68.0,Male,No,Standard,West,Month-to-month,58.24,No
C0409,50.0,23061.0,43.0,Male,Yes,Premium,Central,One year,72.71,No
C0410,39.0,,17.0,Female,No,Basic,North,Two year,20.1,No
C0411,20.0,69898.0,70.0,Male,No,Premium,South,Month-to-month,79.03,No
C0412,31.0,39457.0,3.0,Male,Yes,Standard,South,Two year,40.13,No
C0413,63.0,,33.0,Male,Yes,Standard,East,Two year,45.14,No
C0414,44.0,10790.0,3.0,Female,No,Basic,North,Two year,25.77,No
C0415,72.0,40899.0,55.0,Male,No,Basic,Central,One year,21.17,No
C0416,69.0,26983.0,55.0,Female,Yes,Standard,South,Month-to-month,47.23,No
C0417,66.0,36936.0,7.0,Male,No,,Central,Month-to-month,72.9,No
C0418,18.0,41824.0,21.0,Male,Yes,Standard,West,Two year,46.89,No
C0419,20.0,25068.0,63.0,Female,Yes,Premium,Central,Month-to-month,75.33,Yes
C0420,50.0,12769.0,19.0,Male,No,Basic,Central,Month-to-month,28.73,Yes
C0421,37.0,35737.0,42.0,Female,No,Premium,,One year,79.35,No
C0422,65.0,20523.0,39.0,Male,No,Premium,South,One year,73.54,No
C0423,36.0,25208.0,64.0,Female,No,Standard,East,One year,30.32,No
C0424,26.0,21977.0,53.0,Female,Yes,Basic,North,One year,24.29,Yes
C0425,24.0,25065.0,56.0,Female,No,Standard,East,Month-to-month,49.53,Yes
C0426,35.0,9370.0,,Male,No,Basic,South,One year,14.5,No
C0427,53.0,54637.0,62.0,Male,Yes,Standard,West,Month-to-month,33.01,Yes
C0428,25.0,33748.0,33.0,Male,No,Standard,West,Month-to-month,38.15,Yes
C0429,63.0,51829.0,5.0,Female,No,Standard,,Two year,50.56,No
C0430,35.0,,7.0,Female,No,Basic,West,Two year,13.61,No
C0431,35.0,30070.0,51.0,Male,No,Basic,South,One year,17.24,No
C0432,55.0,12074.0,64.0,Male,Yes,Basic,East,Month-to-month,21.32,No
C0433,67.0,19016.0,14.0,Male,Yes,Premium,South,Month-to-month,82.35,Yes
C0434,42.0,16261.0,21.0,Male,No,Basic,South,Two year,19.89,No
C0435,63.0,23134.0,19.0,,Yes,Basic,North,Two year,19.4,No
C0436,35.0,30941.0,64.0,Female,No,Basic,Central,Month-to-month,16.71,No
C0437,25.0,10926.0,24.0,Male,No,Standard,,One year,54.78,No
C0438,65.0,35286.0,47.0,Female,Yes,Standard,West,Month-to-month,51.4,No
C0439,61.0,13972.0,42.0,Female,No,Premium,West,Month-to-month,74.43,No
C0440,60.0,34499.0,30.0,Female,No,Premium,East,One year,66.62,No
C0441,68.0,28149.0,45.0,Female,Yes,Premium,,Month-to-month,70.26,Yes
C0442,46.0,25417.0,,Female,Yes,Premium,Central,Two year,78.48,No
C0443,29.0,28666.0,67.0,Female,No,Standard,North,Two year,40.67,Yes
C0444,,,66.0,Female,No,Basic,North,Month-to-month,25.35,No
C0445,50.0,21890.0,1.0,,No,Premium,Central,One year,77.17,No
C0446,40.0,12818.0,35.0,,No,,Central,Month-to-month,21.76,No
C0447,54.0,29295.0,14.0,Male,Yes,Standard,North,Month-to-month,48.92,Yes
C0448,33.0,74814.0,32.0,Female,Yes,Basic,East,Month-to-month,22.99,No
C0449,52.0,80037.0,26.0,Male,Yes,Premium,Central,Month-to-month,69.87,Yes
C0450,63.0,57579.0,63.0,Male,No,Basic,East,Two year,18.05,No
C0451,23.0,42315.0,59.0,Female,Yes,Basic,West,One year,34.04,No
C0452,43.0,21200.0,21.0,Female,Yes,Basic,South,Month-to-month,12.75,No
C0453,55.0,61168.0,40.0,Male,Yes,Premium,East,Month-to-month,72.15,No
C0454,20.0,28910.0,28.0,Male,Yes,Standard,South,Two year,51.39,No
C0455,54.0,28726.0,37.0,Male,No,Standard,East,One year,44.04,No
C0456,70.0,25704.0,65.0,Male,No,Basic,West,One year,15.13,No
C0457,64.0,31132.0,54.0,Male,No,Basic,,Month-to-month,12.06,No
C0458,57.0,23918.0,4.0,Male,No,Premium,South,Two year,78.22,Yes
C0459,63.0,28513.0,47.0,Female,No,Standard,North,One year,51.12,No
C0460,38.0,17287.0,55.0,Male,No,Standard,Central,One year,53.4,No
C0461,36.0,24666.0,21.0,Male,No,Premium,North,Month-to-month,75.32,Yes
C0462,22.0,92993.0,53.0,Male,Yes,Standard,East,One year,51.27,No
C0463,59.0,28716.0,7.0,Male,No,Basic,East,Month-to-month,13.8,No
C0464,35.0,26388.0,7.0,Female,Yes,Standard,West,Month-to-month,46.01,Yes
C0465,67.0,38800.0,33.0,Female,No,Basic,South,One year,15.94,No
C0466,44.0,42364.0,30.0,Male,No,Standard,North,Two year,46.04,No
C0467,68.0,17037.0,63.0,Male,No,,East,Month-to-month,49.5,Yes
C0468,25.0,,59.0,Male,No,Standard,Central,Month-to-month,51.42,No
C0469,27.0,47058.0,43.0,Female,No,Premium,East,Month-to-month,69.06,Yes
C0470,37.0,34027.0,39.0,Female,Yes,,East,One year,82.6,No
C0471,19.0,31602.0,4.0,Female,No,Basic,North,One year,17.15,Yes
C0472,46.0,64667.0,14.0,Female,Yes,Premium,Central,Month-to-month,68.85,No
C0473,55.0,21186.0,32.0,Female,Yes,Premium,Central,Month-to-month,73.98,Yes
C0474,55.0,30989.0,31.0,Female,Yes,Standard,North,Month-to-month,36.22,No
C0475,30.0,22925.0,28.0,Male,Yes,Standard,West,Month-to-month,45.03,Yes
C0476,27.0,62640.0,36.0,Female,No,Premium,West,Month-to-month,76.74,No
C0477,50.0,11204.0,42.0,Male,Yes,Standard,,Month-to-month,43.8,No
C0478,54.0,21267.0,28.0,Male,Yes,Basic,South,Month-to-month,23.22,Yes
C0479,71.0,22821.0,42.0,Male,No,Basic,West,Two year,18.11,No
C0480,69.0,41430.0,8.0,Female,No,Standard,Central,Month-to-month,45.02,Yes
C0481,39.0,40261.0,68.0,Male,No,Basic,East,Month-to-month,11.36,No
C0482,27.0,59730.0,37.0,Female,Yes,Basic,South,One year,20.26,No
C0483,32.0,13534.0,25.0,Male,Yes,Basic,West,Month-to-month,14.89,No
C0484,68.0,43271.0,32.0,Female,No,Basic,South,Month-to-month,17.3,Yes
C0485,44.0,,29.0,Male,Yes,Basic,West,Two year,19.44,No
C0486,74.0,21315.0,21.0,Male,Yes,Basic,North,Month-to-month,21.15,No
C0487,55.0,38940.0,44.0,Female,Yes,,Central,Month-to-month,35.12,No
C0488,51.0,18768.0,63.0,Female,No,Basic,South,Two year,10.62,No
C0489,23.0,,63.0,Female,No,Standard,North,Two year,43.19,No
C0490,51.0,,12.0,Female,No,Premium,North,Two year,77.85,No
C0491,39.0,14060.0,51.0,Female,No,Standard,Central,Month-to-month,47.16,No
C0492,66.0,,54.0,Male,No,Premium,Central,One year,80.36,Yes
C0493,25.0,35803.0,34.0,Female,No,Standard,East,Two year,52.81,Yes
C0494,28.0,34752.0,49.0,Male,No,Premium,West,Month-to-month,77.98,No
C0495,55.0,,58.0,Male,Yes,Basic,South,Two year,19.88,No
C0496,56.0,26908.0,8.0,Female,Yes,Basic,Central,Month-to-month,13.81,No
C0497,65.0,13813.0,35.0,Female,Yes,Premium,South,One year,69.32,No
C0498,47.0,20373.0,3.0,Female,No,Standard,East,Month-to-month,42.2,No
C0499,39.0,18775.0,69.0,Male,No,Premium,South,Month-to-month,76.6,No
C0500,35.0,16173.0,38.0,Female,No,Basic,North,Month-to-month,21.32,No
C0501,39.0,36963.0,21.0,Male,Yes,Basic,Central,Two year,20.03,No
C0502,55.0,21534.0,5.0,Female,No,Premium,West,Month-to-month,74.08,Yes
C0503,48.0,11062.0,10.0,Female,Yes,Basic,,Two year,23.78,Yes
C0504,34.0,42128.0,21.0,Female,No,,Central,Month-to-month,46.25,Yes
C0505,30.0,28121.0,59.0,Male,No,Premium,North,Month-to-month,76.79,Yes
C0506,58.0,35540.0,70.0,Female,No,Basic,East,Month-to-month,21.85,No
C0507,32.0,31347.0,22.0,Male,No,Premium,West,Two year,71.72,No
C0508,29.0,,25.0,Female,No,Basic,South,Month-to-month,13.81,Yes
C0509,36.0,30303.0,61.0,Male,No,Basic,East,Two year,22.95,No
C0510,66.0,55166.0,8.0,Female,Yes,Basic,North,Month-to-month,22.5,Yes
C0511,44.0,36772.0,44.0,Female,No,Standard,Central,Two year,43.68,Yes
C0512,51.0,36172.0,43.0,Male,Yes,Standard,South,One year,42.51,No
C0513,22.0,36495.0,37.0,Male,Yes,Premium,North,Month-to-month,88.67,Yes
C0514,37.0,14353.0,60.0,Male,Yes,Basic,North,Month-to-month,15.44,No
C0515,60.0,27383.0,7.0,Male,No,Basic,Central,Month-to-month,18.69,No
C0516,62.0,26117.0,21.0,Male,Yes,,East,Month-to-month,21.59,Yes
C0517,51.0,32984.0,56.0,Female,No,Standard,Central,Month-to-month,38.07,No
C0518,67.0,15073.0,22.0,Female,Yes,Standard,East,One year,45.7,No
C0519,35.0,,5.0,Male,Yes,Standard,North,One year,55.79,Yes
C0520,27.0,31326.0,33.0,Male,No,Standard,Central,Month-to-month,50.6,No
C0521,22.0,16226.0,69.0,Female,Yes,Standard,,Month-to-month,48.79,No
C0522,29.0,12652.0,57.0,Female,No,Basic,North,Two year,23.55,No
C0523,,25832.0,63.0,Male,Yes,Basic,North,Month-to-month,20.67,No
C0524,69.0,28429.0,21.0,Female,Yes,Premium,North,Month-to-month,80.75,Yes
C0525,25.0,20761.0,22.0,Female,Yes,Basic,East,Month-to-month,19.06,No
C0526,46.0,,11.0,Male,No,Premium,West,Month-to-month,72.46,No
C0527,25.0,21578.0,10.0,Male,Yes,Standard,North,Month-to-month,45.61,Yes
C0528,66.0,39176.0,20.0,Male,No,Basic,,Month-to-month,25.43,No
C0529,25.0,20697.0,63.0,Female,No,Basic,Central,Month-to-month,21.98,No
C0530,54.0,29166.0,48.0,Male,No,Basic,Central,Month-to-month,24.05,No
C0531,22.0,48505.0,35.0,Female,Yes,Basic,North,One year,7.86,No
C0532,60.0,107563.0,34.0,Female,Yes,Basic,South,Month-to-month,27.16,No
C0533,69.0,17965.0,9.0,Female,Yes,Basic,West,Month-to-month,34.04,No
C0534,59.0,23570.0,35.0,Male,Yes,Standard,West,Month-to-month,53.01,No
C0535,,19537.0,36.0,Male,No,Standard,West,Month-to-month,43.09,No
C0536,65.0,44010.0,55.0,Male,Yes,,East,One year,14.91,No
C0537,35.0,16747.0,18.0,Male,No,Basic,South,Month-to-month,21.66,Yes
C0538,60.0,23338.0,62.0,Male,No,Premium,Central,Month-to-month,69.08,Yes
C0539,65.0,29296.0,29.0,Male,Yes,Basic,South,Month-to-month,24.35,No
C0540,45.0,18227.0,5.0,Male,Yes,Standard,West,Month-to-month,41.85,No
C0541,53.0,18423.0,46.0,Male,No,,Central,Two year,50.76,No
C0542,66.0,,43.0,Male,No,Standard,,Month-to-month,53.17,No
C0543,28.0,,65.0,Male,Yes,Basic,North,Month-to-month,7.81,No
C0544,19.0,,,Female,No,Basic,North,Month-to-month,21.76,No
C0545,42.0,24185.0,57.0,Male,Yes,Standard,South,Two year,40.81,No
C0546,28.0,32020.0,18.0,Male,Yes,Premium,Central,Month-to-month,66.54,No
C0547,68.0,27095.0,12.0,Female,Yes,Basic,South,Two year,16.3,No
C0548,67.0,12247.0,46.0,Female,No,Basic,,Two year,18.69,No
C0549,39.0,23579.0,34.0,Female,Yes,Basic,East,Month-to-month,26.2,No
C0550,35.0,44321.0,57.0,Female,Yes,Premium,East,Month-to-month,65.87,No
C0551,58.0,39259.0,35.0,Female,No,Basic,South,One year,26.3,No
C0552,43.0,28585.0,57.0,Male,No,Basic,North,Month-to-month,32.11,No
C0553,23.0,19078.0,71.0,Female,No,Standard,North,Month-to-month,48.58,No
C0554,55.0,40766.0,69.0,Male,No,,South,Month-to-month,78.28,No
C0555,59.0,22260.0,7.0,,No,Standard,East,One year,44.92,No
C0556,21.0,16570.0,69.0,Female,Yes,Basic,,Two year,12.95,No
C0557,,19909.0,37.0,Male,No,Basic,West,Two year,23.21,No
C0558,48.0,61339.0,27.0,Female,Yes,Basic,South,One year,22.3,No
C0559,65.0,33193.0,65.0,Male,Yes,Basic,West,Month-to-month,24.39,No
C0560,66.0,53084.0,13.0,Male,Yes,Premium,West,Two year,90.41,Yes
C0561,56.0,23396.0,29.0,Male,Yes,Standard,East,One year,49.37,No
C0562,37.0,47528.0,60.0,Male,Yes,Basic,West,Two year,22.55,No
C0563,39.0,22010.0,19.0,Male,No,Premium,South,One year,84.37,No
C0564,59.0,27482.0,67.0,Male,No,Premium,North,One year,66.93,No
C0565,21.0,103071.0,40.0,Female,Yes,Premium,North,One year,68.14,No
C0566,31.0,43633.0,37.0,Female,Yes,Basic,East,Month-to-month,17.75,No
C0567,47.0,23142.0,23.0,Male,Yes,Basic,,Month-to-month,16.07,No
C0568,71.0,28498.0,9.0,Female,No,Standard,North,Month-to-month,49.16,Yes
C0569,61.0,35000.0,66.0,Male,No,Standard,West,Two year,43.1,No
C0570,64.0,54460.0,1.0,Male,No,Premium,South,Two year,85.44,No
C0571,28.0,23282.0,7.0,Male,Yes,Premium,East,One year,84.12,Yes
C0572,33.0,12448.0,6.0,Female,No,Premium,East,Month-to-month,79.62,Yes
C0573,33.0,25853.0,15.0,Female,No,Basic,Central,Month-to-month,17.68,Yes
C0574,60.0,29962.0,53.0,Female,Yes,Standard,West,Month-to-month,48.7,No
C0575,48.0,31406.0,6.0,Female,No,Basic,South,Month-to-month,24.87,Yes
C0576,30.0,57431.0,11.0,Male,No,Standard,South,Month-to-month,38.6,No
C0577,60.0,34834.0,51.0,Female,No,,Central,Month-to-month,22.09,No
C0578,,44643.0,3.0,Female,Yes,Basic,North,One year,24.24,No
C0579,69.0,17145.0,21.0,Male,No,Basic,West,One year,21.3,No
C0580,49.0,45888.0,59.0,Male,No,Basic,East,Month-to-month,29.43,No
C0581,25.0,84805.0,64.0,Male,Yes,Basic,Central,Month-to-month,27.28,No
C0582,68.0,43759.0,36.0,Male,No,Standard,East,Month-to-month,40.05,No
C0583,28.0,33751.0,64.0,Male,Yes,Basic,,Month-to-month,20.75,No
C0584,21.0,32112.0,64.0,Female,No,Basic,North,One year,14.99,No
C0585,63.0,72662.0,67.0,Male,No,Standard,South,Month-to-month,48.48,No
C0586,43.0,18702.0,18.0,Female,Yes,Standard,East,Two year,39.8,No
C0587,54.0,28126.0,19.0,Female,No,Standard,Central,Month-to-month,50.54,Yes
C0588,25.0,37425.0,47.0,Female,No,Standard,Central,Month-to-month,47.33,No
C0589,59.0,43131.0,1.0,Female,Yes,,East,One year,50.83,Yes
C0590,41.0,23893.0,19.0,Male,No,Standard,Central,Two year,44.13,No
C0591,74.0,34671.0,28.0,Female,No,Standard,West,Two year,36.26,No
C0592,54.0,25875.0,64.0,Female,Yes,Basic,Central,Month-to-month,30.6,No
C0593,71.0,31579.0,69.0,Male,No,Basic,Central,Month-to-month,18.96,No
C0594,63.0,27832.0,25.0,Male,No,Standard,Central,Month-to-month,53.26,No
C0595,66.0,16801.0,55.0,Male,No,Basic,East,Two year,22.58,No
C0596,23.0,29420.0,39.0,Male,No,Standard,South,One year,49.04,No
C0597,62.0,46100.0,5.0,Female,Yes,Basic,,One year,30.98,No
C0598,52.0,18334.0,29.0,Male,Yes,,Central,Month-to-month,22.04,No
C0599,40.0,26356.0,50.0,Female,No,Premium,North,Two year,83.4,No
